City Id,City,Country,Date,Lat,Lng,Max Temp,Humidity,Cloudiness,Wind Speed
0,Tiksi,RU,2021-05-29 20:00:15,71.6872,128.8694,31.5,97,86,9.28
1,Vaini,TO,2021-05-29 20:00:18,-21.2,-175.2,76.15,85,98,14.67
2,San Francisco,US,2021-05-29 20:05:05,37.7749,-122.4194,79.14,77,75,5.01
3,Ilhabela,BR,2021-05-29 20:01:44,-23.7781,-45.3581,82.87,59,83,5.82
4,Ribeira Grande,PT,2021-05-29 20:00:37,38.5167,-28.7,66.6,77,75,4.61
5,Lorengau,PG,2021-05-29 20:01:11,-2.0226,147.2712,81.88,80,38,12.21
6,Talnakh,RU,2021-05-29 20:00:40,69.4865,88.3972,27.48,97,98,4.52
7,Albany,US,2021-05-29 20:00:08,42.6001,-73.9662,52.72,76,100,6.24
8,Punta Arenas,CL,2021-05-29 19:58:10,-53.15,-70.9167,39.31,41,75,18.75
9,Avarua,CK,2021-05-29 20:00:13,-21.2078,-159.775,77.05,61,16,3.44
10,Tura,IN,2021-05-29 20:01:49,25.5198,90.2201,72.82,91,48,3.96
11,Wetaskiwin,CA,2021-05-29 20:06:33,52.9668,-113.3687,67.12,42,15,12.8
12,Hilo,US,2021-05-29 20:00:06,19.7297,-155.09,78.8,65,1,3.44
13,Rikitea,PF,2021-05-29 20:00:16,-23.1203,-134.9692,77.22,86,91,19.98
14,Port Blair,IN,2021-05-29 20:06:33,11.6667,92.75,81.07,84,100,6.04
15,Guymon,US,2021-05-29 20:06:33,36.6828,-101.4816,76.95,53,20,17.27
16,Carnarvon,AU,2021-05-29 20:00:14,-24.8667,113.6333,67.48,60,7,17.13
17,Kaihua,CN,2021-05-29 20:06:34,23.3687,104.28,66.85,96,100,3.58
18,Codrington,AU,2021-05-29 20:00:22,-38.2667,141.9667,39.52,95,5,6.58
19,Bethel,US,2021-05-29 20:00:15,41.3712,-73.414,49.19,87,100,3.0
20,Saskylakh,RU,2021-05-29 20:00:36,71.9167,114.0833,30.94,96,61,8.19
21,Butaritari,KI,2021-05-29 20:00:18,3.0707,172.7902,82.45,79,100,15.73
22,Komsomolskiy,UZ,2021-05-29 20:06:34,40.4272,71.7189,78.22,27,61,6.91
23,Umm Lajj,SA,2021-05-29 19:59:04,25.0213,37.2685,88.45,46,100,7.99
24,Port Alfred,ZA,2021-05-29 19:55:26,-33.5906,26.891,60.24,80,99,17.18
25,Sabang,ID,2021-05-29 19:58:56,5.8933,95.3214,82.76,75,98,18.03
26,College,US,2021-05-29 19:55:31,64.8569,-147.8028,48.58,45,90,11.5
27,Bluff,NZ,2021-05-29 20:00:25,-46.6,168.3333,49.8,86,100,20.02
28,Popondetta,PG,2021-05-29 20:06:35,-8.7537,148.2534,72.99,84,80,1.63
29,Vao,NC,2021-05-29 20:00:43,-22.6667,167.4833,68.56,63,99,20.0
30,Shelburne,CA,2021-05-29 20:02:43,44.0787,-80.2041,61.9,26,20,11.12
31,Atikokan,CA,2021-05-29 20:06:35,48.7555,-91.6216,66.15,25,100,11.12
32,Chokurdakh,RU,2021-05-29 20:01:47,70.6333,147.9167,51.76,45,9,11.41
33,Mozhga,RU,2021-05-29 20:06:35,56.4447,52.2276,58.75,90,100,1.77
34,Norman Wells,CA,2021-05-29 20:01:04,65.282,-126.8329,37.31,80,100,7.09
35,Ushuaia,AR,2021-05-29 19:57:09,-54.8,-68.3,29.86,93,90,18.41
36,Atuona,PF,2021-05-29 19:55:54,-9.8,-139.0333,78.75,72,6,9.8
37,Mopipi,BW,2021-05-29 20:06:36,-21.1833,24.8833,60.75,28,0,4.52
38,Fallon,US,2021-05-29 20:06:36,39.4735,-118.7774,82.27,10,75,12.66
39,Brae,GB,2021-05-29 20:00:45,60.3964,-1.353,46.31,84,4,2.75
40,Dhidhdhoo,MV,2021-05-29 20:06:36,6.8833,73.1,83.28,70,14,20.13
41,Opuwo,NA,2021-05-29 20:06:36,-18.0607,13.84,63.59,27,0,7.36
42,Hobart,AU,2021-05-29 19:55:30,-42.8794,147.3294,46.26,78,90,1.99
43,Lebu,CL,2021-05-29 19:56:32,-37.6167,-73.65,53.26,65,97,7.94
44,Dikson,RU,2021-05-29 20:00:27,73.5069,80.5464,18.61,97,16,3.6
45,Hermanus,ZA,2021-05-29 20:00:10,-34.4187,19.2345,57.9,81,28,4.88
46,Plettenberg Bay,ZA,2021-05-29 19:57:28,-34.0527,23.3716,57.51,85,72,14.34
47,Sao Filipe,CV,2021-05-29 20:02:07,14.8961,-24.4956,73.0,80,9,12.59
48,Georgetown,MY,2021-05-29 19:59:58,5.4112,100.3354,83.95,86,20,0.0
49,Comodoro Rivadavia,AR,2021-05-29 20:06:37,-45.8667,-67.5,49.86,43,0,10.36
50,Longyearbyen,SJ,2021-05-29 19:57:59,78.2186,15.6401,33.64,69,75,5.75
51,Bridlington,GB,2021-05-29 20:06:37,54.0831,-0.1919,56.05,89,0,8.37
52,Barentu,ER,2021-05-29 20:06:38,15.1139,37.5928,89.19,16,25,7.96
53,Araouane,ML,2021-05-29 20:06:38,18.9048,-3.5265,101.41,16,79,6.2
54,Thinadhoo,MV,2021-05-29 20:06:38,0.5333,72.9333,83.82,72,78,20.07
55,Mataura,NZ,2021-05-29 20:00:21,-46.1927,168.8643,49.48,95,100,4.56
56,Puerto Ayora,EC,2021-05-29 20:00:32,-0.7393,-90.3518,77.56,84,59,8.01
57,Saint George,US,2021-05-29 20:00:08,37.1041,-113.5841,93.67,11,100,1.01
58,Ferrol,ES,2021-05-29 20:06:39,43.4832,-8.2369,62.37,88,100,13.56
59,Tuktoyaktuk,CA,2021-05-29 20:00:19,69.4541,-133.0374,30.2,74,90,6.91
60,Canto Do Buriti,BR,2021-05-29 20:06:39,-8.11,-42.9444,91.35,22,7,7.85
61,Muzaffarpur,IN,2021-05-29 20:06:39,26.1167,85.4,84.09,68,31,9.64
62,Qandala,SO,2021-05-29 20:06:39,11.472,49.8728,90.21,50,45,1.43
63,Castro,BR,2021-05-29 20:00:20,-24.7911,-50.0119,69.35,69,15,7.83
64,Saint Anthony,US,2021-05-29 19:56:45,45.0205,-93.218,67.08,37,40,4.0
65,Half Moon Bay,US,2021-05-29 20:00:24,37.4636,-122.4286,75.51,76,90,9.22
66,Itarema,BR,2021-05-29 20:06:40,-2.9248,-39.9167,80.85,79,98,13.24
67,Rudbar,AF,2021-05-29 20:06:40,30.15,62.6,89.53,14,0,9.91
68,Rundu,NA,2021-05-29 20:06:40,-17.9333,19.7667,58.84,28,0,4.14
69,Grindavik,IS,2021-05-29 20:00:11,63.8424,-22.4338,45.07,87,90,36.89
70,Torbay,CA,2021-05-29 20:01:40,47.6666,-52.7314,50.29,73,100,9.62
71,Hithadhoo,MV,2021-05-29 20:00:09,-0.6,73.0833,83.61,71,46,17.63
72,Dingle,PH,2021-05-29 20:01:16,10.9995,122.6711,77.7,90,92,1.36
73,Hualmay,PE,2021-05-29 20:01:12,-11.0964,-77.6139,67.23,81,55,8.61
74,Tetoiu,RO,2021-05-29 20:06:41,44.75,23.9167,60.67,83,83,3.4
75,Qaanaaq,GL,2021-05-29 19:55:39,77.484,-69.3632,31.68,94,55,5.41
76,Kapaa,US,2021-05-29 20:00:27,22.0752,-159.319,81.12,72,16,1.99
77,Busselton,AU,2021-05-29 20:00:20,-33.65,115.3333,54.09,93,94,13.91
78,Srednekolymsk,RU,2021-05-29 20:01:44,67.45,153.6833,53.1,42,14,14.23
79,Yumen,CN,2021-05-29 20:00:32,40.2833,97.2,65.41,37,1,3.8
80,Nhulunbuy,AU,2021-05-29 20:06:41,-12.2333,136.7667,74.01,78,100,6.91
81,Ostrovnoy,RU,2021-05-29 20:01:26,68.0531,39.5131,35.42,79,100,16.71
82,Paamiut,GL,2021-05-29 20:00:44,61.994,-49.6678,35.15,99,100,9.31
83,Maniitsoq,GL,2021-05-29 20:00:25,65.4167,-52.9,42.21,65,2,17.07
84,Xai-Xai,MZ,2021-05-29 20:06:42,-25.0519,33.6442,67.03,86,7,2.95
85,Sabzevar,IR,2021-05-29 20:06:42,36.2126,57.6819,85.03,12,0,6.44
86,Moyale,KE,2021-05-29 20:06:42,3.5167,39.0584,71.26,61,80,4.59
87,Cape Town,ZA,2021-05-29 19:56:51,-33.9258,18.4232,59.41,90,40,1.01
88,Nizwa,OM,2021-05-29 20:06:43,22.9333,57.5333,86.97,35,68,3.13
89,Huaraz,PE,2021-05-29 20:06:43,-9.5333,-77.5333,65.66,53,12,7.58
90,Byron Bay,AU,2021-05-29 20:06:43,-28.65,153.6167,59.05,78,100,15.01
91,Klyuchi,RU,2021-05-29 20:06:43,52.2667,79.1667,53.91,56,0,8.14
92,Sena Madureira,BR,2021-05-29 20:06:02,-9.0656,-68.6569,84.6,63,96,2.15
93,Thompson,CA,2021-05-29 19:56:22,55.7435,-97.8558,57.36,58,90,18.41
94,Otradnoye,RU,2021-05-29 20:06:44,59.7775,30.8181,50.05,70,0,4.45
95,Sao Joao Da Barra,BR,2021-05-29 20:01:42,-21.6403,-41.0511,78.15,78,31,13.04
96,East London,ZA,2021-05-29 20:00:29,-33.0153,27.9116,63.66,59,23,22.3
97,Key Largo,US,2021-05-29 20:06:44,25.0865,-80.4473,88.99,58,1,10.98
98,Caravelas,BR,2021-05-29 20:00:41,-17.7125,-39.2481,76.93,80,32,5.97
99,Gat,IL,2021-05-29 20:01:32,31.61,34.7642,72.81,100,0,2.28
100,Portland,US,2021-05-29 20:04:35,45.5234,-122.6762,77.61,46,20,1.99
101,Shubarshi,KZ,2021-05-29 20:06:44,48.5872,57.1869,69.3,60,4,8.46
102,Bardiyah,LY,2021-05-29 20:00:21,31.7561,25.0865,72.63,59,1,8.34
103,Chapais,CA,2021-05-29 20:06:45,49.7834,-74.8492,57.97,25,3,4.7
104,Fortuna,US,2021-05-29 20:00:29,40.5982,-124.1573,83.48,79,75,3.0
105,Gunzenhausen,DE,2021-05-29 20:06:45,49.1,10.75,55.99,78,37,5.37
106,Sisimiut,GL,2021-05-29 20:06:45,66.9395,-53.6735,49.21,38,70,8.63
107,Upernavik,GL,2021-05-29 20:00:23,72.7868,-56.1549,31.55,91,100,17.56
108,Lima,PE,2021-05-29 20:06:10,-12.0432,-77.0282,64.65,77,90,3.44
109,Semnan,IR,2021-05-29 20:06:46,35.5729,53.3971,83.12,16,0,2.57
110,Khatanga,RU,2021-05-29 20:00:17,71.9667,102.5,36.77,80,99,11.48
111,Shimoda,JP,2021-05-29 20:00:55,34.6667,138.95,67.15,84,93,8.21
112,Airai,TL,2021-05-29 20:01:01,-8.9266,125.4092,55.22,91,63,2.13
113,Burnie,AU,2021-05-29 20:01:49,-41.0667,145.9167,37.94,78,25,3.69
114,Tobol,KZ,2021-05-29 20:06:46,52.6844,62.5794,65.39,34,1,8.95
115,Nikolskoye,RU,2021-05-29 20:00:17,59.7035,30.7861,49.89,70,0,4.38
116,Skalat,UA,2021-05-29 20:06:46,49.4273,25.9787,54.45,94,100,6.46
117,Trinidad,BO,2021-05-29 20:06:47,-14.8333,-64.9,89.58,58,75,3.44
118,Bengkulu,ID,2021-05-29 19:56:56,-3.8004,102.2655,75.49,85,99,2.91
119,Tabuk,PH,2021-05-29 20:06:47,17.4189,121.4443,77.94,86,34,0.47
120,Clonakilty,IE,2021-05-29 20:06:47,51.6231,-8.8706,54.61,88,8,2.28
121,Cherskiy,RU,2021-05-29 20:00:22,68.75,161.3,52.9,42,15,13.96
122,Beringovskiy,RU,2021-05-29 20:02:03,63.05,179.3167,32.22,82,7,10.47
123,Kopavogur,IS,2021-05-29 20:06:48,64.1123,-21.913,45.3,84,100,33.2
124,Yellowknife,CA,2021-05-29 20:00:10,62.456,-114.3525,53.33,36,99,1.99
125,Kaitangata,NZ,2021-05-29 20:00:12,-46.2817,169.8464,49.32,93,100,10.78
126,Kodiak,US,2021-05-29 20:00:53,57.79,-152.4072,44.69,99,100,6.44
127,Raudeberg,NO,2021-05-29 20:02:01,61.9875,5.1352,54.95,84,20,5.39
128,Fairbanks,US,2021-05-29 20:00:44,64.8378,-147.7164,51.6,46,57,1.01
129,Port-Gentil,GA,2021-05-29 20:06:48,-0.7193,8.7815,79.05,86,86,10.85
130,Elat,IL,2021-05-29 20:05:24,29.5581,34.9482,81.12,41,3,12.86
131,Sioux Lookout,CA,2021-05-29 20:02:09,50.1001,-91.917,67.57,22,98,13.8
132,Lompoc,US,2021-05-29 19:57:45,34.6391,-120.4579,71.69,79,90,4.0
133,Mar Del Plata,AR,2021-05-29 20:01:38,-38.0023,-57.5575,48.13,12,42,11.01
134,Kavaratti,IN,2021-05-29 20:06:49,10.5669,72.642,83.52,75,81,16.33
135,Buchanan,LR,2021-05-29 19:58:07,5.8808,-10.0467,78.76,85,97,7.49
136,Bathsheba,BB,2021-05-29 20:00:42,13.2167,-59.5167,81.9,69,3,14.79
137,Inhambane,MZ,2021-05-29 20:01:08,-23.865,35.3833,67.64,85,0,6.2
138,Fethiye,TR,2021-05-29 20:06:49,36.6217,29.1164,69.67,59,0,4.47
139,Saint-Pierre,RE,2021-05-29 20:06:49,-21.3393,55.4781,71.24,74,0,4.61
140,Rio Grande,BR,2021-05-29 20:05:16,-32.035,-52.0986,59.95,59,5,18.99
141,Tarakan,ID,2021-05-29 20:06:49,3.3,117.6333,81.41,79,61,4.99
142,Ayagoz,KZ,2021-05-29 20:06:50,47.9714,80.4392,48.13,63,0,10.6
143,Nanakuli,US,2021-05-29 20:01:29,21.3906,-158.1547,84.04,62,36,3.51
144,Mecca,SA,2021-05-29 20:06:50,21.4267,39.8261,89.74,44,13,7.4
145,Alta Floresta,BR,2021-05-29 20:06:50,-9.8756,-56.0861,83.5,63,4,3.53
146,Agadez,NE,2021-05-29 20:06:51,19.75,10.25,93.38,9,100,11.27
147,Manggar,ID,2021-05-29 20:06:51,-2.8833,108.2667,78.89,85,79,3.78
148,Kikwit,CD,2021-05-29 20:06:51,-5.041,18.8162,79.21,53,91,0.54
149,New Norfolk,AU,2021-05-29 20:00:30,-42.7826,147.0587,45.9,76,34,3.38
150,Viedma,AR,2021-05-29 20:03:30,-40.8135,-62.9967,51.06,38,11,18.37
151,Okhotsk,RU,2021-05-29 20:06:51,59.3833,143.3,35.8,92,98,9.48
152,Miranda,CO,2021-05-29 20:06:52,3.2499,-76.2281,80.73,70,52,3.09
153,Jamestown,US,2021-05-29 19:58:41,42.097,-79.2353,52.52,81,100,5.99
154,Bredasdorp,ZA,2021-05-29 19:55:32,-34.5322,20.0403,54.72,88,8,4.65
155,Marzuq,YE,2021-05-29 20:01:44,14.4,46.4667,82.29,38,2,4.23
156,Tasiilaq,GL,2021-05-29 20:00:35,65.6145,-37.6368,39.36,94,100,14.23
157,Flinders,AU,2021-05-29 20:01:12,-34.5833,150.8552,53.2,72,90,4.0
158,Ponta Do Sol,PT,2021-05-29 20:00:20,32.6667,-17.1,70.72,72,32,5.44
159,Samarai,PG,2021-05-29 19:58:24,-10.6167,150.6667,78.13,78,100,14.32
160,Chhabra,IN,2021-05-29 20:06:52,24.6667,76.8333,92.41,33,100,3.22
161,Bakchar,RU,2021-05-29 20:06:53,57.0186,82.0711,40.77,82,65,3.91
162,Pangnirtung,CA,2021-05-29 20:02:10,66.1451,-65.7125,32.25,82,22,5.84
163,Hamilton,US,2021-05-29 20:01:37,39.1834,-84.5333,56.88,76,100,4.0
164,Fukuma,JP,2021-05-29 20:06:53,33.7667,130.4667,59.0,62,16,3.22
165,Saldanha,ZA,2021-05-29 20:00:15,-33.0117,17.9442,59.29,81,18,8.14
166,Petropavlovsk-Kamchatskiy,RU,2021-05-29 20:01:55,53.0452,158.6483,39.79,87,75,2.46
167,Urazovka,RU,2021-05-29 20:06:53,55.4013,45.6186,60.33,95,53,5.48
168,Develi,TR,2021-05-29 20:06:54,38.3906,35.4922,54.75,56,80,4.74
169,Lagos,NG,2021-05-29 20:05:16,6.5833,3.75,79.93,84,74,4.34
170,Sitka,US,2021-05-29 20:00:58,57.0531,-135.33,49.75,80,100,6.17
171,Kurikka,FI,2021-05-29 20:06:54,62.6167,22.4167,47.05,64,36,2.39
172,Zemio,CF,2021-05-29 20:06:54,5.0314,25.1361,74.68,70,83,2.24
173,Lata,PT,2021-05-29 20:00:26,40.1629,-8.3327,69.04,90,0,3.56
174,Bambous Virieux,MU,2021-05-29 20:00:48,-20.3428,57.7575,73.22,84,28,4.45
175,Severo-Kurilsk,RU,2021-05-29 20:01:39,50.6789,156.125,40.77,87,100,6.42
176,Cidreira,BR,2021-05-29 19:55:42,-30.1811,-50.2056,63.73,68,0,11.23
177,Karpogory,RU,2021-05-29 20:06:55,64.0019,44.4451,34.54,82,18,8.57
178,Japura,ID,2021-05-29 20:06:55,-0.3167,102.35,75.27,90,100,2.39
179,Naryan-Mar,RU,2021-05-29 20:06:55,67.6713,53.087,33.28,69,99,11.86
180,Tuatapere,NZ,2021-05-29 20:00:50,-46.1333,167.6833,49.82,93,100,8.68
181,Cayenne,GF,2021-05-29 19:57:49,4.9333,-52.3333,82.44,86,75,3.0
182,Leonidovo,RU,2021-05-29 20:06:55,49.2833,142.8667,37.74,98,100,7.56
183,Atambua,ID,2021-05-29 20:06:56,-9.1061,124.8925,69.3,87,66,4.59
184,Rantepao,ID,2021-05-29 20:06:56,-2.9701,119.8978,66.38,98,58,1.81
185,Pisco,PE,2021-05-29 20:01:41,-13.7,-76.2167,66.02,86,11,7.05
186,Hami,CN,2021-05-29 19:56:08,42.8,93.45,79.81,22,84,2.91
187,Hoquiam,US,2021-05-29 20:06:02,46.9809,-123.8893,71.29,52,1,8.05
188,Sinop,TR,2021-05-29 20:06:56,41.7711,34.8709,54.75,93,100,4.79
189,Barrow,US,2021-05-29 19:59:50,71.2906,-156.7887,30.9,88,96,9.33
190,Krasnokamensk,RU,2021-05-29 20:06:57,50.0979,118.0369,52.75,71,100,2.26
191,George Town,MY,2021-05-29 20:06:57,5.4112,100.3354,83.89,83,20,1.01
192,Aksu,CN,2021-05-29 20:01:13,41.1231,80.2644,75.06,28,5,2.55
193,Whitehorse,CA,2021-05-29 20:06:57,60.7161,-135.0538,53.02,46,100,13.0
194,Murgab,TM,2021-05-29 20:06:58,37.4966,61.9714,82.27,44,0,4.9
195,Vila Franca Do Campo,PT,2021-05-29 20:00:07,37.7167,-25.4333,66.61,78,55,4.79
196,Churapcha,RU,2021-05-29 20:00:15,62.0025,132.4325,50.68,85,100,9.8
197,Majene,ID,2021-05-29 20:06:58,-3.5403,118.9707,77.54,87,76,3.85
198,Margate,GB,2021-05-29 19:56:31,51.3813,1.3862,55.22,75,1,3.0
199,Requena,ES,2021-05-29 20:06:58,39.4883,-1.1004,64.18,52,2,5.84
200,Shieli,KZ,2021-05-29 20:04:26,44.1667,66.75,78.57,37,9,8.34
201,Baykit,RU,2021-05-29 20:00:42,61.67,96.37,36.36,98,100,6.67
202,Barreirinhas,BR,2021-05-29 20:06:59,-2.7469,-42.8264,80.96,81,99,6.02
203,Lisala,CD,2021-05-29 20:06:59,2.15,21.5167,71.8,92,100,1.9
204,Port Hardy,CA,2021-05-29 19:58:01,50.6996,-127.4199,51.98,82,40,4.61
205,Dalby,AU,2021-05-29 20:06:59,-27.1833,151.2667,50.83,64,100,7.87
206,Javanrud,IR,2021-05-29 20:07:00,34.7961,46.5172,63.23,22,0,3.06
207,Mount Isa,AU,2021-05-29 20:07:00,-20.7333,139.5,55.17,38,1,8.05
208,Nouadhibou,MR,2021-05-29 20:00:23,20.931,-17.0347,66.33,88,83,24.07
209,Liku,ID,2021-05-29 20:07:00,-0.7275,119.8922,74.86,93,100,2.33
210,Dawson Creek,CA,2021-05-29 20:07:01,55.7666,-120.2362,61.14,41,42,12.93
211,Gornopravdinsk,RU,2021-05-29 20:07:01,60.05,69.9,57.18,77,24,9.46
212,Saint-Francois,FR,2021-05-29 20:01:48,46.4154,3.9054,63.84,55,0,6.91
213,Puerto Escondido,MX,2021-05-29 20:00:33,15.85,-97.0667,88.88,58,26,8.77
214,Praia Da Vitoria,PT,2021-05-29 20:01:15,38.7333,-27.0667,67.75,78,46,8.95
215,Arraial Do Cabo,BR,2021-05-29 20:00:08,-22.9661,-42.0278,79.02,75,47,10.36
216,Leningradskiy,RU,2021-05-29 19:57:46,69.3833,178.4167,34.7,84,39,6.82
217,Esperance,AU,2021-05-29 19:55:30,-33.8667,121.9,62.44,82,100,17.85
218,Shitanjing,CN,2021-05-29 20:07:02,39.2342,106.3439,65.12,28,79,1.77
219,Mahebourg,MU,2021-05-29 20:01:31,-20.4081,57.7,73.26,84,20,5.03
220,Benghazi,LY,2021-05-29 20:06:03,32.1167,20.0667,73.99,60,45,23.96
221,Poim,RU,2021-05-29 20:07:02,53.0264,43.1872,64.31,77,85,5.68
222,Lavrentiya,RU,2021-05-29 20:01:25,65.5833,-171.0,32.09,80,7,8.88
223,Morondava,MG,2021-05-29 20:01:35,-20.2833,44.2833,71.56,72,0,3.56
224,Ormara,PK,2021-05-29 20:01:29,25.2088,64.6357,83.82,86,54,13.8
225,Sept-Iles,CA,2021-05-29 20:07:02,50.2001,-66.3821,49.24,69,8,4.0
226,Curvelo,BR,2021-05-29 20:07:03,-18.7564,-44.4308,83.48,36,95,5.95
227,Laguna,US,2021-05-29 20:04:23,38.421,-121.4238,87.44,42,1,8.23
228,Ilulissat,GL,2021-05-29 20:00:50,69.2167,-51.1,59.02,23,59,17.27
229,Wonthaggi,AU,2021-05-29 20:07:03,-38.6044,145.5913,41.38,83,0,3.89
230,Nakanojo,JP,2021-05-29 20:07:03,36.5833,138.85,62.11,77,53,5.37
231,Chibuto,MZ,2021-05-29 20:07:04,-24.6867,33.5306,63.27,93,0,4.29
232,Verkh-Usugli,RU,2021-05-29 20:07:04,52.7,115.1667,41.38,74,90,4.05
233,Aswan,EG,2021-05-29 20:04:03,24.0934,32.907,91.8,19,97,17.02
234,Phangnga,TH,2021-05-29 20:07:04,8.4509,98.5298,84.81,91,82,1.88
235,Clarksville,US,2021-05-29 20:05:05,36.5298,-87.3595,58.08,73,90,1.01
236,Tigil,RU,2021-05-29 20:07:04,57.8,158.6667,41.43,71,98,4.41
237,Tautira,PF,2021-05-29 20:07:05,-17.7333,-149.15,84.22,71,99,11.81
238,Lubao,PH,2021-05-29 20:07:05,14.9167,120.55,86.02,84,65,1.19
239,Pochutla,MX,2021-05-29 20:07:05,15.7432,-96.4661,91.81,46,62,9.37
240,Saint-Philippe,RE,2021-05-29 20:00:13,-21.3585,55.7679,71.15,81,16,4.85
241,Mitsamiouli,KM,2021-05-29 20:07:06,-11.3847,43.2844,78.53,73,4,6.06
242,Cap Malheureux,MU,2021-05-29 20:07:06,-19.9842,57.6142,73.47,89,11,3.0
243,Joshimath,IN,2021-05-29 20:07:06,30.5667,79.5667,66.79,89,100,2.24
244,Westport,US,2021-05-29 20:07:06,41.1415,-73.3579,51.35,90,100,1.01
245,Grand Gaube,MU,2021-05-29 19:56:25,-20.0064,57.6608,75.6,89,16,5.01
246,Caconda,AO,2021-05-29 20:07:07,-13.7333,15.0667,58.28,36,100,3.0
247,Bonfim,BR,2021-05-29 20:07:07,3.0833,-59.95,85.42,67,66,6.62
248,Isangel,VU,2021-05-29 19:56:49,-19.55,169.2667,70.81,58,100,1.1
249,Owando,CG,2021-05-29 20:07:08,-0.4819,15.8999,78.31,71,95,0.87
250,Husavik,IS,2021-05-29 20:01:58,66.0449,-17.3389,51.22,59,100,13.2
251,The Valley,AI,2021-05-29 20:07:08,18.217,-63.0578,84.34,70,75,14.97
252,Mukhen,RU,2021-05-29 20:07:08,48.1,136.1,51.49,71,100,4.14
253,Soma,TR,2021-05-29 20:07:08,39.1855,27.6094,64.58,80,0,5.57
254,Christchurch,NZ,2021-05-29 20:07:09,-43.5333,172.6333,55.0,90,90,4.0
255,Iqaluit,CA,2021-05-29 20:07:09,63.7506,-68.5145,38.46,54,6,18.14
256,Nishihara,JP,2021-05-29 20:07:09,26.1842,127.7558,70.88,94,75,14.47
257,Grand-Santi,GF,2021-05-29 20:07:09,4.25,-54.3833,78.91,97,89,2.98
258,Ajdabiya,LY,2021-05-29 20:07:10,30.7554,20.2263,73.65,73,10,15.82
259,Muros,ES,2021-05-29 20:07:10,42.7762,-9.0603,67.23,66,100,10.49
260,Takaka,NZ,2021-05-29 20:07:10,-40.85,172.8,52.56,91,100,4.54
261,Bealanana,MG,2021-05-29 20:07:11,-14.55,48.7333,60.04,98,13,2.26
262,Vydrino,RU,2021-05-29 20:07:11,51.485,104.8461,39.18,98,100,6.73
263,Alihe,CN,2021-05-29 20:07:11,50.5667,123.7167,41.14,97,7,1.34
264,Buraydah,SA,2021-05-29 20:00:12,26.326,43.975,92.73,11,2,9.82
265,Lock Haven,US,2021-05-29 20:07:11,41.137,-77.4469,52.52,90,100,6.15
266,Souillac,MU,2021-05-29 20:00:28,-20.5167,57.5167,73.36,89,12,6.78
267,Port Lincoln,AU,2021-05-29 19:57:52,-34.7333,135.8667,55.42,66,0,14.05
268,Marawi,PH,2021-05-29 20:02:05,7.9986,124.2928,71.65,94,100,1.28
269,Kirkwall,GB,2021-05-29 20:07:12,58.9848,-2.9587,46.45,93,90,2.3
270,Dan Khun Thot,TH,2021-05-29 20:07:12,15.2085,101.7714,77.97,87,45,3.78
271,Sola,VU,2021-05-29 20:07:12,-13.8833,167.55,78.82,69,100,13.29
272,Port Elizabeth,ZA,2021-05-29 20:00:13,-33.918,25.5701,56.1,94,90,12.66
273,Adeje,ES,2021-05-29 20:07:13,28.1227,-16.726,69.1,64,20,3.0
274,Diamantino,BR,2021-05-29 20:02:11,-14.4086,-56.4461,90.16,30,20,4.5
275,San Juan,AR,2021-05-29 20:01:45,-31.5375,-68.5364,71.73,35,100,9.04
276,Katsuura,JP,2021-05-29 20:00:09,35.1333,140.3,69.12,91,100,9.48
277,Sobolevo,RU,2021-05-29 19:58:31,54.4299,31.8996,50.45,92,99,9.66
278,Beian,NO,2021-05-29 20:07:13,63.6559,9.5683,54.68,76,0,6.91
279,San Quintin,MX,2021-05-29 20:01:30,30.4833,-115.95,65.61,65,2,21.41
280,Dalbandin,PK,2021-05-29 20:07:14,28.8947,64.4101,85.53,12,0,3.67
281,Guerrero Negro,MX,2021-05-29 20:02:09,27.9769,-114.0611,68.2,60,38,18.99
282,Penticton,CA,2021-05-29 20:07:14,49.4806,-119.5858,72.59,18,7,3.11
283,Jalor,IN,2021-05-29 20:07:14,25.35,72.6167,90.12,44,24,16.35
284,Yulara,AU,2021-05-29 20:07:14,-25.2406,130.9889,44.44,70,100,5.75
285,Okha,RU,2021-05-29 20:07:15,53.5739,142.9478,35.19,95,100,14.36
286,Dukuhturi,ID,2021-05-29 20:07:15,-6.9,109.0833,78.1,84,100,5.12
287,Tczew,PL,2021-05-29 20:07:15,54.0924,18.7779,50.67,100,7,8.7
288,Iskateley,RU,2021-05-29 20:07:15,67.6803,53.1512,33.19,69,98,11.97
289,Follonica,IT,2021-05-29 20:07:16,42.9263,10.7616,68.09,81,100,6.46
290,Damietta,EG,2021-05-29 20:07:12,31.4165,31.8133,72.28,68,0,6.49
291,Cabo San Lucas,MX,2021-05-29 19:56:58,22.8909,-109.9124,101.52,53,68,8.34
292,Riverton,US,2021-05-29 20:07:16,40.5219,-111.9391,81.1,21,1,5.99
293,Sasovo,RU,2021-05-29 20:07:16,54.3537,41.9199,59.32,98,81,8.97
294,Malartic,CA,2021-05-29 20:07:16,48.1335,-78.1328,62.02,28,0,5.66
295,Nome,US,2021-05-29 20:07:17,64.5011,-165.4064,51.87,29,1,12.66
296,Brooks,CA,2021-05-29 20:07:17,50.5834,-111.8851,64.04,30,100,10.33
297,Mananjary,MG,2021-05-29 20:07:17,-21.2167,48.3333,69.53,91,4,7.09
298,Hambantota,LK,2021-05-29 20:01:38,6.1241,81.1185,79.83,81,85,19.98
299,Roccastrada,IT,2021-05-29 20:07:18,43.0099,11.1665,65.01,67,100,1.3
300,Belmonte,BR,2021-05-29 20:01:38,-15.8631,-38.8828,79.3,78,100,4.97
301,Padang,ID,2021-05-29 20:01:15,-0.9492,100.3543,78.13,76,100,3.62
302,Bushehr,IR,2021-05-29 20:07:18,28.9684,50.8385,86.09,42,0,0.0
303,Coihueco,CL,2021-05-29 20:07:18,-36.6167,-71.8333,52.54,76,75,5.23
304,Narsaq,GL,2021-05-29 20:01:53,60.9167,-46.05,46.62,81,100,7.07
305,Kitimat,CA,2021-05-29 20:07:18,54.0524,-128.6534,59.92,55,99,2.95
306,Ust-Kuyga,RU,2021-05-29 20:07:19,70.0167,135.6,51.03,49,16,9.15
307,Lamar,US,2021-05-29 20:07:19,33.6668,-95.5836,79.65,64,40,6.2
308,Atar,MR,2021-05-29 20:01:36,20.5169,-13.0499,99.27,11,73,10.58
309,Arroyo,ES,2021-05-29 20:07:19,41.6096,-4.7969,68.14,67,40,1.01
310,Hastings,GB,2021-05-29 20:07:19,50.8552,0.5729,57.18,63,2,15.14
311,Taltal,CL,2021-05-29 20:07:20,-25.4,-70.4833,67.05,69,24,4.29
312,Bowen,AU,2021-05-29 20:07:20,-20.0167,148.2333,63.21,92,79,12.21
313,Faanui,PF,2021-05-29 20:01:02,-16.4833,-151.75,79.54,68,33,5.64
314,Karratha,AU,2021-05-29 20:00:58,-20.7377,116.8463,72.61,76,98,0.27
315,Monrovia,LR,2021-05-29 20:07:20,6.3005,-10.7969,78.57,84,100,8.95
316,Novo Aripuana,BR,2021-05-29 20:07:21,-5.1206,-60.3797,83.89,69,99,2.48
317,Provideniya,RU,2021-05-29 20:00:46,64.3833,-173.3,44.42,45,6,11.52
318,Kalachinsk,RU,2021-05-29 20:07:21,55.0529,74.5751,58.73,52,2,9.73
319,Pevek,RU,2021-05-29 20:00:54,69.7008,170.3133,42.19,56,0,12.24
320,Kirundo,BI,2021-05-29 20:07:21,-2.5833,30.1667,74.17,84,100,3.06
321,Williams Lake,CA,2021-05-29 20:07:22,52.1415,-122.1445,61.23,34,56,4.0
322,Mount Gambier,AU,2021-05-29 20:07:22,-37.8333,140.7667,37.31,100,5,6.91
323,Nanortalik,GL,2021-05-29 20:01:14,60.1432,-45.2371,36.9,88,100,6.82
324,Ishigaki,JP,2021-05-29 20:07:22,24.3448,124.1572,82.27,80,99,10.25
325,Esna,EG,2021-05-29 20:01:40,25.2934,32.554,89.35,22,92,18.05
326,Clyde River,CA,2021-05-29 20:07:22,70.4692,-68.5914,32.76,82,96,3.65
327,Luwuk,ID,2021-05-29 20:07:23,-0.9516,122.7875,77.29,88,59,4.0
328,Tecoanapa,MX,2021-05-29 20:07:23,16.5167,-98.75,88.68,58,50,11.65
329,Ahipara,NZ,2021-05-29 20:07:23,-35.1667,173.1667,55.49,75,82,8.81
330,Phenix City,US,2021-05-29 20:07:24,32.471,-85.0008,84.34,43,1,16.11
331,Olinda,BR,2021-05-29 20:03:52,-8.0089,-34.8553,78.53,69,40,10.78
332,Orumiyeh,IR,2021-05-29 20:07:24,37.5527,45.0761,63.95,29,0,7.05
333,Fochville,ZA,2021-05-29 20:07:24,-26.4886,27.4939,55.47,38,3,2.13
334,Oranjestad,AW,2021-05-29 20:03:43,12.524,-70.027,79.84,80,100,21.0
335,Aklavik,CA,2021-05-29 20:00:36,68.2191,-135.0107,30.2,74,90,10.36
336,Kisangani,CD,2021-05-29 20:07:25,0.5167,25.2,74.43,83,100,0.16
337,Outjo,NA,2021-05-29 20:07:25,-20.1167,16.15,59.38,29,0,4.16
338,Touros,BR,2021-05-29 19:55:50,-5.1989,-35.4608,83.3,75,4,14.99
339,Hobyo,SO,2021-05-29 20:00:12,5.3505,48.5268,79.23,80,85,21.25
340,Khor,RU,2021-05-29 20:07:25,47.8861,134.9464,49.84,86,100,3.6
341,Ca Mau,VN,2021-05-29 20:07:26,9.1769,105.15,79.02,89,55,3.76
342,Dubbo,AU,2021-05-29 20:07:26,-32.25,148.6167,37.53,81,0,10.36
343,Ossora,RU,2021-05-29 20:07:26,59.2353,163.0719,41.11,74,100,1.14
344,Mayo,US,2021-05-29 19:57:36,38.8876,-76.5119,54.1,92,100,15.01
345,Bani Walid,LY,2021-05-29 20:07:26,31.7566,13.9942,72.66,55,12,10.63
346,Muhos,FI,2021-05-29 20:07:27,64.808,25.9931,44.38,67,27,3.09
347,Mandalgovi,MN,2021-05-29 20:01:30,45.7625,106.2708,45.55,50,3,7.23
348,Mehamn,NO,2021-05-29 20:07:27,71.0357,27.8492,40.77,89,99,15.5
349,Celestun,MX,2021-05-29 20:02:12,20.8667,-90.4,86.04,60,0,11.03
350,Haines Junction,CA,2021-05-29 20:00:29,60.7522,-137.5108,49.42,60,95,11.34
351,Usinsk,RU,2021-05-29 20:07:27,65.9939,57.5281,38.32,63,100,5.77
352,Borogontsy,RU,2021-05-29 20:07:28,62.6683,131.1683,49.46,90,100,4.43
353,Keti Bandar,PK,2021-05-29 20:01:59,24.1447,67.4497,83.95,81,21,15.59
354,Catuday,PH,2021-05-29 20:07:28,16.2923,119.8062,83.12,77,100,6.76
355,Klaksvik,FO,2021-05-29 20:00:29,62.2266,-6.589,49.12,78,5,13.69
356,Boone,US,2021-05-29 20:07:28,39.0334,-92.3335,66.7,31,0,1.99
357,Frutigen,CH,2021-05-29 20:07:28,46.5878,7.6475,55.15,92,58,3.2
358,Adrar,MR,2021-05-29 20:01:53,20.5022,-10.0711,98.62,9,100,9.64
359,Bereda,ES,2021-05-29 20:02:10,43.2686,-7.5406,60.58,88,100,5.03
360,Haikou,CN,2021-05-29 20:07:29,20.0458,110.3417,82.53,89,0,5.35
361,Yangambi,CD,2021-05-29 20:07:08,0.8102,24.4336,75.11,79,96,2.53
362,Hasaki,JP,2021-05-29 19:56:03,35.7333,140.8333,66.6,83,99,5.26
363,Miraflores,MX,2021-05-29 20:07:29,19.2167,-98.8083,79.45,35,100,2.59
364,Imeni Poliny Osipenko,RU,2021-05-29 20:07:29,52.4201,136.4853,45.21,83,42,7.23
365,Gizo,SB,2021-05-29 20:02:00,-8.103,156.8419,78.66,85,100,4.0
366,Savalou,BJ,2021-05-29 20:07:30,7.9281,1.9756,83.5,63,5,7.23
367,Asfi,MA,2021-05-29 19:57:23,32.2994,-9.2372,68.65,79,99,9.55
368,Columbus,US,2021-05-29 20:00:01,39.9612,-82.9988,54.45,79,90,4.0
369,Ipixuna,BR,2021-05-29 20:07:30,-1.7625,-48.8043,85.95,81,99,2.73
370,Soyo,AO,2021-05-29 20:07:30,-6.1349,12.3689,77.2,87,22,10.45
371,Belaya Gora,RU,2021-05-29 20:07:31,68.5333,146.4167,53.22,43,0,16.58
372,Radhan,PK,2021-05-29 20:07:31,27.1833,67.95,98.78,33,28,8.72
373,Geraldton,AU,2021-05-29 19:57:40,-28.7667,114.6,64.13,77,75,16.24
374,Olafsvik,IS,2021-05-29 20:01:33,64.8945,-23.7142,44.31,90,100,30.15
375,Punta Cardon,VE,2021-05-29 20:07:31,11.6581,-70.215,83.01,65,100,28.03
376,Novi Sanzhary,UA,2021-05-29 20:07:31,49.3439,34.3108,58.64,95,100,10.51
377,Naukot,PK,2021-05-29 20:07:32,24.8587,69.4024,84.81,68,20,16.22
378,Pangai,TO,2021-05-29 20:01:43,-19.8,-174.35,78.62,81,66,5.99
379,Ixtapa,MX,2021-05-29 20:00:36,20.7,-105.2,93.6,43,90,9.6
380,Kavieng,PG,2021-05-29 19:59:39,-2.5744,150.7967,81.79,81,97,15.55
381,Sao Gabriel Da Cachoeira,BR,2021-05-29 20:07:32,-0.1303,-67.0892,84.15,77,36,1.34
382,Senno,RU,2021-05-29 20:07:32,59.5336,33.9167,38.73,70,73,5.19
383,North Platte,US,2021-05-29 20:00:16,41.1239,-100.7654,56.25,85,100,1.01
384,Broome,US,2021-05-29 20:07:33,42.2506,-75.833,51.82,82,90,1.99
385,Chuy,UY,2021-05-29 19:55:35,-33.6971,-53.4616,52.77,57,53,15.52
386,Cherdyn,RU,2021-05-29 20:07:33,60.403,56.4787,53.1,96,70,2.77
387,Bacolod,PH,2021-05-29 20:07:33,10.6667,122.95,79.2,88,87,3.83
388,Kieta,PG,2021-05-29 20:01:44,-6.2167,155.6333,76.82,90,99,2.04
389,Batagay,RU,2021-05-29 20:07:33,67.6333,134.6333,48.27,50,61,5.66
390,Siljan,NO,2021-05-29 20:07:34,59.2884,9.71,65.44,57,2,2.08
391,Gombe,NG,2021-05-29 20:07:34,10.2897,11.1673,87.48,41,100,4.68
392,Miles City,US,2021-05-29 20:07:34,46.4083,-105.8406,72.52,26,75,10.87
393,Magadan,RU,2021-05-29 20:06:09,59.5667,150.8,36.1,98,100,3.56
394,Biak,ID,2021-05-29 20:07:35,-0.9131,122.8766,76.35,85,62,5.26
395,Victoria,HK,2021-05-29 19:55:16,22.2855,114.1577,85.96,89,95,1.01
396,Dunedin,NZ,2021-05-29 20:00:32,-45.8742,170.5036,49.8,96,100,12.5
397,Suntar,RU,2021-05-29 20:02:08,62.1444,117.6319,51.01,70,18,4.56
398,Kapuskasing,CA,2021-05-29 20:07:35,49.4169,-82.4331,67.44,18,4,4.27
399,Coquimbo,CL,2021-05-29 20:07:35,-29.9533,-71.3436,60.53,82,0,6.8
400,Camocim,BR,2021-05-29 20:00:40,-2.9022,-40.8411,80.94,81,90,10.65
401,Tonantins,BR,2021-05-29 20:07:36,-2.8731,-67.8022,89.83,53,54,2.64
402,Zhigansk,RU,2021-05-29 20:07:36,66.7697,123.3711,47.89,58,1,5.46
403,La Ronge,CA,2021-05-29 20:01:11,55.1001,-105.2842,43.45,84,100,17.05
404,San Cristobal,VE,2021-05-29 20:00:35,7.7669,-72.225,77.14,70,69,3.0
405,Lagoa,PT,2021-05-29 20:00:58,39.05,-27.9833,63.86,75,19,7.78
406,Anchorage,US,2021-05-29 20:02:42,61.2181,-149.9003,50.65,88,90,4.0
407,Jacareacanga,BR,2021-05-29 20:07:36,-6.2222,-57.7528,92.97,40,27,2.28
408,Bintulu,MY,2021-05-29 20:07:37,3.1667,113.0333,77.36,90,100,3.74
409,Krasnyy Chikoy,RU,2021-05-29 20:07:37,50.3643,108.7512,36.19,93,70,2.06
410,Williston,US,2021-05-29 20:07:37,48.147,-103.618,70.92,33,50,7.0
411,Rawson,AR,2021-05-29 20:00:48,-43.3002,-65.1023,48.13,34,5,18.39
412,Katangli,RU,2021-05-29 20:00:58,51.7102,143.2326,35.51,95,100,13.56
413,Asau,RO,2021-05-29 20:07:37,46.4333,26.4,56.39,98,96,1.88
414,Nanga Eboko,CM,2021-05-29 20:07:38,4.6833,12.3667,73.02,85,84,1.57
415,Linjiang,CN,2021-05-29 20:07:38,41.8069,126.9078,43.41,96,56,2.28
416,Santa Cruz,BO,2021-05-29 20:07:38,-17.8,-63.1667,86.05,58,75,14.97
417,Urusha,RU,2021-05-29 20:07:38,54.05,122.9,42.17,88,80,3.94
418,Talcahuano,CL,2021-05-29 20:07:39,-36.7167,-73.1167,56.88,58,0,11.5
419,Tres Arroyos,AR,2021-05-29 20:07:39,-38.3739,-60.2798,47.46,45,8,12.53
420,Tupiza,BO,2021-05-29 20:07:07,-21.45,-65.7167,61.43,10,69,23.42
421,Antonina,BR,2021-05-29 20:07:39,-25.4286,-48.7119,87.48,68,0,1.12
422,Kamenka,RU,2021-05-29 20:01:21,51.3223,42.7678,61.09,91,65,7.09
423,Kuala Terengganu,MY,2021-05-29 20:07:39,5.3302,103.1408,79.09,86,95,5.73
424,Constitucion,CL,2021-05-29 20:01:10,-35.3333,-72.4167,58.05,63,100,13.31
425,Gazli,UZ,2021-05-29 20:07:40,40.1333,63.45,89.64,18,0,8.66
426,Wanning,CN,2021-05-29 20:00:57,18.8003,110.3967,81.14,89,100,11.14
427,Igarka,RU,2021-05-29 20:01:59,67.4667,86.5833,17.62,96,7,3.74
428,Pangody,RU,2021-05-29 20:07:40,65.85,74.4859,50.43,82,100,21.07
429,Shaoguan,CN,2021-05-29 20:07:40,24.8,113.5833,76.26,98,100,1.61
430,Hanyang,CN,2021-05-29 20:07:41,32.1371,105.5126,64.44,79,100,1.43
431,Vardo,NO,2021-05-29 20:00:53,70.3705,31.1107,39.2,80,57,12.5
432,Boa Vista,BR,2021-05-29 20:07:41,2.8197,-60.6733,82.38,74,75,3.44
433,Ikom,NG,2021-05-29 20:07:41,5.9667,8.7063,77.18,91,64,3.13
434,Denpasar,ID,2021-05-29 20:05:39,-8.65,115.2167,78.46,94,20,5.26
435,Kuito,AO,2021-05-29 20:07:42,-12.3833,16.9333,55.67,41,7,1.48
436,Malaryta,BY,2021-05-29 20:07:42,51.7905,24.074,48.74,94,100,7.0
437,Pio Xii,BR,2021-05-29 20:07:42,-3.8325,-45.1525,84.11,74,50,3.49
438,Erzin,TR,2021-05-29 20:07:42,36.9559,36.2,71.01,89,31,2.84
439,Amga,RU,2021-05-29 20:07:43,60.8953,131.9608,50.65,89,96,5.35
440,Ust-Koksa,RU,2021-05-29 20:07:43,50.2696,85.6108,42.42,75,2,2.13
441,Calabar,NG,2021-05-29 20:07:43,4.9517,8.322,77.38,90,97,3.51
442,Batsfjord,NO,2021-05-29 20:00:47,70.6345,29.7185,39.09,87,100,11.05
443,Omboue,GA,2021-05-29 20:07:44,-1.5746,9.2618,76.89,91,83,5.68
444,Isiro,CD,2021-05-29 20:07:44,2.7739,27.616,68.92,91,89,2.57
445,Nelson Bay,AU,2021-05-29 20:07:44,-32.7167,152.15,54.0,93,100,19.6
446,Lensk,RU,2021-05-29 20:07:44,60.7253,114.9278,50.56,91,100,9.24
447,Los Llanos De Aridane,ES,2021-05-29 20:00:11,28.6585,-17.9182,65.95,85,20,11.52
448,Kussnacht,CH,2021-05-29 20:07:45,47.0856,8.4421,60.44,64,0,3.83
449,Luderitz,NA,2021-05-29 20:00:56,-26.6481,15.1594,60.87,67,47,16.26
450,Yarmouth,US,2021-05-29 20:07:45,41.7057,-70.2286,49.19,79,90,8.01
451,Ambilobe,MG,2021-05-29 20:00:24,-13.2,49.05,70.79,88,0,3.29
452,Walvis Bay,NA,2021-05-29 20:00:45,-22.9575,14.5053,59.09,69,18,9.44
453,Eureka,US,2021-05-29 20:07:46,40.8021,-124.1637,84.74,74,28,5.99
454,Gambiran,ID,2021-05-29 20:07:46,-6.7988,111.4951,75.76,88,100,1.97
455,Yerofey Pavlovich,RU,2021-05-29 20:07:46,53.9667,121.9667,40.21,92,16,3.11
456,Jumla,NP,2021-05-29 20:07:46,29.2747,82.1838,58.03,85,100,1.66
457,Armidale,AU,2021-05-29 20:04:07,-30.5167,151.65,41.81,81,78,5.86
458,Bloemfontein,ZA,2021-05-29 20:04:45,-29.1211,26.214,46.18,43,83,6.13
459,Kushima,JP,2021-05-29 20:07:47,31.4583,131.2333,65.05,78,100,3.27
460,Poronaysk,RU,2021-05-29 20:07:47,49.2167,143.1167,38.5,96,100,12.71
461,Davila,PH,2021-05-29 20:07:47,18.4726,120.5763,82.36,76,80,3.04
462,Mastic,US,2021-05-29 20:07:47,40.802,-72.8409,51.13,84,90,8.05
463,Aligudarz,IR,2021-05-29 20:07:48,33.4006,49.6949,63.63,23,0,2.1
464,Sterling,US,2021-05-29 20:03:22,39.0062,-77.4286,53.6,90,90,1.01
465,Ambagarh Chauki,IN,2021-05-29 20:07:48,20.7833,80.7167,90.54,39,98,7.54
466,Tamiahua,MX,2021-05-29 20:05:21,21.2667,-97.45,88.39,63,35,12.82
467,Aksarka,RU,2021-05-29 20:07:48,66.5606,67.7975,40.5,75,4,11.1
468,Faya,SA,2021-05-29 20:01:06,18.3851,42.4509,71.6,38,99,1.95
469,Tessalit,ML,2021-05-29 20:02:06,20.1986,1.0114,98.82,6,100,9.51
470,Arfara,GR,2021-05-29 20:07:49,37.15,22.0333,70.95,72,71,1.14
471,Grand Bank,CA,2021-05-29 20:07:49,47.0999,-55.765,44.6,74,100,17.11
472,Bandikui,IN,2021-05-29 20:07:49,27.05,76.5667,87.62,51,71,14.54
473,Perisoru,RO,2021-05-29 20:07:49,44.45,27.55,62.82,75,85,3.02
474,Teknaf,BD,2021-05-29 20:07:50,20.8624,92.3058,80.17,88,58,3.22
475,Batouri,CM,2021-05-29 20:07:50,4.4333,14.3667,73.87,79,62,1.95
476,Mandal,IN,2021-05-29 20:07:50,25.45,74.5667,92.23,26,62,15.52
477,Naze,JP,2021-05-29 20:01:14,28.3667,129.4833,64.69,90,100,3.76
478,Davidson,US,2021-05-29 20:05:06,36.1501,-86.7833,60.4,76,90,8.01
479,Barra Do Garcas,BR,2021-05-29 20:07:51,-15.89,-52.2567,87.64,41,57,5.93
480,Sao Simao,BR,2021-05-29 20:07:51,-21.4792,-47.5508,86.45,49,99,2.26
481,Bonavista,CA,2021-05-29 20:07:51,48.6499,-53.1147,41.68,78,6,13.6
482,Camacha,PT,2021-05-29 20:00:31,33.0833,-16.3333,65.16,77,40,12.66
483,Berdigestyakh,RU,2021-05-29 20:07:51,62.0989,126.6992,51.67,65,78,3.62
484,Kawalu,ID,2021-05-29 20:07:52,-7.3817,108.2082,71.01,96,89,0.92
485,Kalispell,US,2021-05-29 20:07:52,48.1958,-114.3129,63.77,47,20,4.0
486,Sao Felix Do Xingu,BR,2021-05-29 20:07:52,-6.6447,-51.995,85.75,52,3,3.29
487,Charters Towers,AU,2021-05-29 20:07:52,-20.1,146.2667,54.77,89,0,8.41
488,Hurghada,EG,2021-05-29 20:07:53,27.2574,33.8129,83.23,33,35,17.07
489,Kontagora,NG,2021-05-29 20:07:53,10.3999,5.4695,87.15,43,12,7.99
490,Udachnyy,RU,2021-05-29 20:01:04,66.4167,112.4,51.31,64,7,6.46
491,Vitry-Le-Francois,FR,2021-05-29 20:07:53,48.7333,4.5833,66.33,73,100,7.67
492,Kumluca,TR,2021-05-29 20:07:53,36.3703,30.2869,73.74,53,0,8.5
493,Garowe,SO,2021-05-29 20:07:54,8.4054,48.4845,83.26,47,8,11.99
494,Harper,LR,2021-05-29 20:07:54,4.375,-7.7169,80.67,84,97,8.81
495,Santa Maria,BR,2021-05-29 20:05:12,-29.6842,-53.8069,60.73,71,1,6.64
496,Abu Zabad,SD,2021-05-29 20:07:55,12.35,29.25,92.37,16,0,7.9
497,Valparaiso,CL,2021-05-29 20:06:27,-33.0393,-71.6273,65.84,66,0,13.8
498,Toma,BF,2021-05-29 20:07:55,12.7667,-2.8833,97.16,21,15,6.71
499,Rudnogorsk,RU,2021-05-29 20:07:55,57.2639,103.7519,31.15,85,100,3.18
500,Xihua,CN,2021-05-29 20:07:55,33.7833,114.5167,69.35,65,59,2.06
501,Kondagaon,IN,2021-05-29 20:07:23,19.6,81.6667,85.51,44,95,11.32
502,Huanren,CN,2021-05-29 20:07:56,41.2647,125.3667,45.09,92,6,1.83
503,La Rioja,ES,2021-05-29 20:07:56,42.25,-2.5,60.48,97,100,4.38
504,Jining,CN,2021-05-29 20:07:56,35.405,116.5814,65.35,55,2,5.19
505,San Andres,CO,2021-05-29 19:58:22,12.5847,-81.7006,87.82,70,40,13.8
506,Rock Sound,BS,2021-05-29 20:07:57,24.9,-76.2,78.19,75,4,10.33
507,Cintalapa,MX,2021-05-29 20:07:57,16.6951,-93.7272,85.08,57,80,4.83
508,Placido De Castro,BR,2021-05-29 20:07:57,-10.3353,-67.1856,86.88,57,86,2.71
509,Tuy Hoa,VN,2021-05-29 20:07:57,13.0833,109.3,79.03,84,100,5.44
510,Sibolga,ID,2021-05-29 20:07:15,1.7427,98.7792,76.64,90,86,3.29
511,Fort Morgan,US,2021-05-29 20:07:58,40.2503,-103.8,66.85,63,40,12.66
512,Ashford,GB,2021-05-29 20:07:58,51.1459,0.8728,57.04,75,0,5.01
513,Todos Santos,MX,2021-05-29 20:07:58,23.45,-110.2167,96.3,47,99,8.16
514,Porbandar,IN,2021-05-29 20:07:58,21.6422,69.6093,83.05,79,100,11.99
515,Trindade,BR,2021-05-29 20:04:15,-16.6494,-49.4889,81.79,41,100,3.51
516,Manyana,BW,2021-05-29 20:07:59,-23.4,21.7167,57.47,36,0,6.71
517,Antigonish,CA,2021-05-29 20:07:59,45.6169,-61.9986,53.13,70,100,1.99
518,Manado,ID,2021-05-29 20:07:59,1.487,124.8455,77.77,94,20,2.3
519,Kahului,US,2021-05-29 20:01:10,20.8947,-156.47,82.98,68,14,10.0
520,Barcelona,ES,2021-05-29 20:04:05,41.3888,2.159,78.19,51,20,1.01
521,Thunder Bay,CA,2021-05-29 20:07:59,48.4001,-89.3168,65.98,33,22,11.03
522,Manaure,CO,2021-05-29 20:08:00,11.7751,-72.4445,87.96,56,96,12.57
523,Beyneu,KZ,2021-05-29 20:01:22,45.3167,55.2,84.0,32,86,14.88
524,Fort Nelson,CA,2021-05-29 19:56:25,58.8053,-122.7002,63.99,27,75,8.05
525,Chontalpa,MX,2021-05-29 20:08:00,17.7,-93.5167,98.1,37,94,1.92
526,Valley City,US,2021-05-29 20:08:00,46.9233,-98.0032,57.72,72,75,19.57
527,San Lorenzo,PY,2021-05-29 20:08:01,-25.3333,-57.5333,70.74,73,75,9.26
528,Eyl,SO,2021-05-29 20:08:01,7.9803,49.8164,79.9,79,49,19.46
529,Hearst,CA,2021-05-29 20:08:01,49.6835,-83.6665,68.7,19,7,5.48
530,Sakakah,SA,2021-05-29 20:00:46,29.9697,40.2064,86.77,15,0,7.34
531,Namibe,AO,2021-05-29 20:00:18,-15.1961,12.1522,72.3,78,0,5.57
532,Necochea,AR,2021-05-29 20:08:02,-38.5473,-58.7368,50.04,54,44,20.92
533,Namatanai,PG,2021-05-29 19:56:19,-3.6667,152.4333,78.71,85,98,6.55
534,Sunbury,AU,2021-05-29 20:08:02,-37.5833,144.7333,42.21,93,20,2.98
535,Banes,CU,2021-05-29 20:08:02,20.9625,-75.7186,86.61,68,27,11.34
536,Virginia Beach,US,2021-05-29 19:59:53,36.8529,-75.978,69.03,92,90,18.41
537,Jieshi,CN,2021-05-29 20:08:03,22.8134,115.8257,82.42,87,100,14.5
538,Batagay-Alyta,RU,2021-05-29 20:08:03,67.8006,130.4114,39.02,69,44,11.45
539,Seoul,KR,2021-05-29 19:59:00,37.5683,126.9778,53.04,97,0,3.15
540,Sturgis,US,2021-05-29 20:08:03,41.7992,-85.4192,64.89,21,1,12.66
541,Gamba,GA,2021-05-29 20:08:03,-2.65,10.0,76.73,93,51,4.94
542,Salalah,OM,2021-05-29 20:00:17,17.0151,54.0924,83.35,81,91,9.19
543,Meulaboh,ID,2021-05-29 20:02:03,4.1363,96.1285,77.05,86,100,3.42
544,Rangia,IN,2021-05-29 20:08:04,26.4667,91.6333,79.38,79,32,4.07
545,Chipinge,ZW,2021-05-29 20:08:04,-20.1883,32.6236,57.42,30,0,3.38
546,Cortez,US,2021-05-29 20:00:54,37.3489,-108.5859,85.51,16,100,11.45
547,Ridgecrest,US,2021-05-29 20:04:54,35.6225,-117.6709,91.26,11,1,4.0
548,Rovaniemi,FI,2021-05-29 20:08:04,66.5,25.7167,49.41,43,0,5.75
549,Oshakati,NA,2021-05-29 20:08:05,-17.7833,15.6833,68.34,21,0,7.58
550,Aripuana,BR,2021-05-29 20:02:06,-9.1667,-60.6333,90.68,38,5,2.28
551,Flin Flon,CA,2021-05-29 20:08:05,54.7682,-101.865,43.93,91,100,14.74
552,Sungaipenuh,ID,2021-05-29 20:08:05,-2.0833,101.3833,66.11,90,100,2.46
553,Alekseyevsk,RU,2021-05-29 20:08:06,57.8406,108.3492,35.15,91,100,2.66
554,Vila,PT,2021-05-29 20:01:18,42.0304,-8.1588,64.22,87,63,4.38
555,Ngunguru,NZ,2021-05-29 20:08:06,-35.6167,174.5,46.17,84,82,8.88
556,Dhekiajuli,IN,2021-05-29 20:08:06,26.7,92.5,76.66,89,17,0.6
557,Kilcoole,IE,2021-05-29 20:08:06,53.1028,-6.065,60.58,86,73,2.55
558,Rio Brilhante,BR,2021-05-29 20:08:07,-21.8019,-54.5464,89.83,29,100,9.04
559,Nadym,RU,2021-05-29 20:05:07,65.5333,72.5167,54.09,90,100,19.42
560,Lufilufi,WS,2021-05-29 20:08:07,-13.8745,-171.5986,82.29,78,35,14.7
